ym,respondent,load_mwh,peak_day_mwh,mean_day_mwh,days,df_err,ng_mwh
2019-01,MISO,57809756.0,2205538.0,1864830.8,31,-0.026055,54910631.0
2019-02,MISO,50524436.0,2016098.0,1804444.1,28,-0.024879,47735022.0
2019-03,MISO,52398806.0,2067881.0,1690284.1,31,-0.027904,49770201.0
2019-04,MISO,47149484.0,1703187.0,1571649.5,30,-0.026167,43800273.0
2019-05,MISO,51292035.0,1833564.0,1654581.8,31,-0.031323,46743849.0
2019-06,MISO,54484766.0,2073892.0,1816158.9,30,-0.037163,50201974.0
2019-07,MISO,63942671.0,2375776.0,2062666.8,31,-0.026126,59886164.0
2019-08,MISO,61014966.0,2160180.0,1968224.7,31,-0.031348,56680301.0
2019-09,MISO,55968577.0,2077822.0,1865619.2,30,-0.035302,51767478.0
2019-10,MISO,50160813.0,1988476.0,1618090.7,31,-0.035523,47121208.0
2019-11,MISO,51090644.0,2014338.0,1703021.5,30,-0.027141,48828883.0
2019-12,MISO,53687679.0,2012561.0,1731860.6,31,-0.032245,50886307.0
2020-01,MISO,54882577.0,1989008.0,1770405.7,31,-0.027513,51387554.0
2020-02,MISO,50874185.0,1981851.0,1754282.2,29,-0.029749,47377733.0
2020-03,MISO,49275479.0,1697959.0,1589531.6,31,-0.042765,44856334.0
2020-04,MISO,43177083.0,1530392.0,1439236.1,30,-0.050743,38623498.0
2020-05,MISO,46156026.0,1779134.0,1488904.1,31,-0.017891,40895711.0
2020-06,MISO,55155612.0,2090283.0,1838520.4,30,-0.018151,50420376.0
2020-07,MISO,64270158.0,2234633.0,2073230.9,31,-0.023238,59852765.0
2020-08,MISO,60333136.0,2197626.0,1946230.2,31,-0.02671,56403358.0
2020-09,MISO,49769539.0,1898391.0,1658984.6,30,-0.028404,45895467.0
2020-10,MISO,48534309.0,1684628.0,1565622.9,31,-0.017205,45065999.0
2020-11,MISO,47570988.0,1785029.0,1585699.6,30,-0.01832,44062011.0
2020-12,MISO,54152690.0,1929643.0,1746861.0,31,-0.021653,51412656.0
2021-01,MISO,55199512.0,1948226.0,1780629.4,31,-0.013076,53183680.0
2021-02,MISO,52987584.0,2256896.0,1892413.7,28,-0.014377,50912281.0
2021-03,MISO,49235186.0,1763519.0,1588231.8,31,-0.010122,46574497.0
2021-04,MISO,46195586.0,1642947.0,1539852.9,30,-0.005988,43596216.0
2021-05,MISO,49305915.0,1903527.0,1590513.4,31,-0.014942,46727310.0
2021-06,MISO,58351159.0,2168012.0,1945038.6,30,-0.012021,55121450.0
2021-07,MISO,62170567.0,2277850.0,2005502.2,31,-0.0217,59644605.0
2021-08,MISO,63756492.0,2290697.0,2056661.0,31,-0.026154,62022532.0
2021-09,MISO,52271539.0,1941816.0,1742384.6,30,-0.023281,50459021.0
2021-10,MISO,50831453.0,1770357.0,1639724.3,31,-0.015422,48856554.0
2021-11,MISO,49366869.0,1759431.0,1645562.3,30,-0.020242,49271987.0
2021-12,MISO,52606750.0,1891906.0,1696991.9,31,-0.028156,50893297.0
2022-01,MISO,58877930.0,2114375.0,1899288.1,31,-0.016888,59508034.0
2022-02,MISO,51537908.0,2076075.0,1840639.6,28,-0.015892,51220116.0
2022-03,MISO,51022499.0,1831619.0,1645887.1,31,-0.018903,48806053.0
2022-04,MISO,47590579.0,1659943.0,1586352.6,30,-0.016392,45835857.0
2022-05,MISO,52736334.0,1997948.0,1701172.1,31,-0.019058,49612827.0
2022-06,MISO,58798405.0,2290705.0,1959946.8,30,-0.032185,56081713.0
2022-07,MISO,63884794.0,2319129.0,2060799.8,31,-0.028814,62762646.0
2022-08,MISO,61381094.0,2191306.0,1980035.3,31,-0.027347,59589719.0
2022-09,MISO,53065051.0,2041558.0,1768835.0,30,-0.038508,51222654.0
2022-10,MISO,48229287.0,1657351.0,1555783.5,31,-0.030897,47855136.0
2022-11,MISO,49995561.0,1883438.0,1666518.7,30,-0.028402,50064332.0
2022-12,MISO,56079358.0,2299624.0,1809011.5,31,-0.03014,57276996.0
2023-01,MISO,54358404.0,2011136.0,1753496.9,31,-0.021187,54148779.0
2023-02,MISO,48467767.0,1997180.0,1730991.7,28,-0.025153,46888237.0
2023-03,MISO,51588676.0,1775791.0,1664150.8,31,-0.025218,49526265.0
2023-04,MISO,46381428.0,1676672.0,1546047.6,30,-0.02672,44367300.0
2023-05,MISO,50980288.0,1978121.0,1644525.4,31,-0.026614,46986276.0
2023-06,MISO,57070782.0,2156426.0,1902359.4,30,-0.034939,53442105.0
2023-07,MISO,52181672.0,2235673.0,2006987.4,26,-0.02906,50108212.0
2019-01,PJM,75010176.0,3057906.0,2419683.1,31,0.008367,71450536.0
2019-02,PJM,64379188.0,2862343.0,2299256.7,28,0.010799,65409739.0
2019-03,PJM,66302793.0,2652398.0,2138799.8,31,0.007175,67680994.0
2019-04,PJM,56006050.0,2141244.0,1866868.3,30,0.000229,58264750.0
2019-05,PJM,61251456.0,2327367.0,1975853.4,31,0.006572,64166560.0
2019-06,PJM,65484079.0,2668592.0,2182802.6,30,0.006082,68806638.0
2019-07,PJM,81340855.0,3024882.0,2623898.5,31,0.010995,84483384.0
2019-08,PJM,74913667.0,2771654.0,2416569.9,31,0.005582,78102667.0
2019-09,PJM,65738073.0,2649331.0,2191269.1,30,0.01809,69079927.0
2019-10,PJM,58842148.0,2492836.0,1898133.8,31,0.012766,60839911.0
2019-11,PJM,62670345.0,2482566.0,2089011.5,30,0.000956,63521927.0
2019-12,PJM,68385091.0,2626574.0,2205970.7,31,0.008993,69961680.0
2020-01,PJM,69188658.0,2576851.0,2231892.2,31,0.012121,71370527.0
2020-02,PJM,63793703.0,2431470.0,2199782.9,29,0.007679,60045365.0
2020-03,PJM,60407955.0,2196649.0,1948643.7,31,-0.006368,61609496.0
2020-04,PJM,52714099.0,1904545.0,1757136.6,30,-0.003034,55666209.0
2020-05,PJM,55526729.0,2159160.0,1791184.8,31,0.006706,58971518.0
2020-06,PJM,66125844.0,2598188.0,2204194.8,30,0.012084,70279639.0
2020-07,PJM,82059183.0,2896287.0,2647070.4,31,0.01793,85912993.0
2020-08,PJM,75280340.0,2762373.0,2428398.1,31,0.017228,79448037.0
2020-09,PJM,60977214.0,2535031.0,2032573.8,30,0.011463,64925911.0
2020-10,PJM,57086585.0,1961248.0,1841502.7,31,0.015373,60695540.0
2020-11,PJM,57951063.0,2204173.0,1931702.1,30,0.00829,61660720.0
2020-12,PJM,69670123.0,2498714.0,2247423.3,31,0.014476,72996771.0
2021-01,PJM,71749872.0,2615472.0,2314512.0,31,0.017184,74039320.0
2021-02,PJM,67097042.0,2590585.0,2396322.9,28,0.00711,71248475.0
2021-03,PJM,62097959.0,2315261.0,2003160.0,31,0.006756,64896659.0
2021-04,PJM,55800196.0,2093027.0,1860006.5,30,0.002217,58232092.0
2021-05,PJM,59609565.0,2361824.0,1922889.2,31,0.011114,61884434.0
2021-06,PJM,70482189.0,2935763.0,2349406.3,30,0.027194,74528566.0
2021-07,PJM,77410027.0,2850819.0,2497097.6,31,0.009182,81672196.0
2021-08,PJM,79443491.0,2906092.0,2562693.3,31,0.01932,83494720.0
2021-09,PJM,64801660.0,2589163.0,2160055.3,30,0.008979,68035528.0
2021-10,PJM,59650312.0,2149523.0,1924203.6,31,0.010436,62541751.0
2021-11,PJM,61988062.0,2314544.0,2066268.7,30,0.007869,63301786.0
2021-12,PJM,66030630.0,2415004.0,2130020.3,31,0.003645,70055987.0
2022-01,PJM,77463729.0,2774704.0,2498830.0,31,0.010195,80497688.0
2022-02,PJM,65010864.0,2629075.0,2321816.6,28,0.015684,68107110.0
2022-03,PJM,64072382.0,2363664.0,2066851.0,31,0.012566,67390736.0
2022-04,PJM,57578307.0,2120795.0,1919276.9,30,0.009262,58436733.0
2022-05,PJM,62382324.0,2662097.0,2012333.0,31,0.012375,64373761.0
2022-06,PJM,69412903.0,2775230.0,2313763.4,30,0.014331,72391226.0
2022-07,PJM,79429785.0,2965738.0,2562251.1,31,0.010816,82600267.0
2022-08,PJM,78138774.0,2912235.0,2520605.6,31,0.021902,82078561.0
2022-09,PJM,64071263.0,2451335.0,2135708.8,30,0.011937,67886972.0
2022-10,PJM,58357348.0,2062891.0,1882495.1,31,0.013875,60198687.0
2022-11,PJM,61599281.0,2396296.0,2053309.4,30,0.012673,63181725.0
2022-12,PJM,72743637.0,2988278.0,2346568.9,31,0.012512,74810218.0
2023-01,PJM,69366945.0,2422829.0,2237643.4,31,0.013239,71822618.0
2023-02,PJM,61267380.0,2612727.0,2188120.7,28,0.009052,64051158.0
2023-03,PJM,64958184.0,2401917.0,2095425.3,31,0.011429,68013145.0
2023-04,PJM,56576430.0,2010910.0,1885881.0,30,0.004759,58466340.0
2023-05,PJM,59212566.0,2169490.0,1910082.8,31,0.010039,61857008.0
2023-06,PJM,64135705.0,2462574.0,2137856.8,30,0.01308,68880252.0
2023-07,PJM,65812278.0,2741835.0,2531241.5,26,0.015585,69697847.0
